{
	"info": {
		"_postman_id": "347ed16d-8587-40cf-8fb5-c68630acb18a",
		"name": "Salesforce API",
		"description": "SalesForce API's to perform CRUD Operations on Leads and Accounts",
		"schema": "https://schema.getpostman.com/json/collection/v2.1.0/collection.json",
		"_exporter_id": "17709036"
	},
	"item": [
		{
			"name": "Generate OAuth Token",
			"event": [
				{
					"listen": "test",
					"script": {
						"exec": [
							"var resp=pm.response.json();\r",
							"var access=resp.access_token;\r",
							"pm.collectionVariables.set(\"token\", access);\r",
							"console.log(access)"
						],
						"type": "text/javascript"
					}
				}
			],
			"request": {
				"auth": {
					"type": "noauth"
				},
				"method": "POST",
				"header": [],
				"body": {
					"mode": "urlencoded",
					"urlencoded": [
						{
							"key": "grant_type",
							"value": "password",
							"type": "text"
						},
						{
							"key": "client_id",
							"value": "3MVG9pRzvMkjMb6lZlt3YjDQwe0hk0f5ZPyWD38tfPYQ75KXUzZBGzM_c7I0o3yc6ua1IUk6lEQIy4U2sByrg",
							"type": "text"
						},
						{
							"key": "client_secret",
							"value": "79FFF874D54193B377A60354C71CBBE83120AD28A5D6BC536D2F68C94645DE98",
							"type": "text"
						},
						{
							"key": "username",
							"value": "ranjini.r@testleaf.com",
							"type": "text"
						},
						{
							"key": "password",
							"value": "Testleaf$321",
							"type": "text"
						}
					]
				},
				"url": {
					"raw": "https://login.salesforce.com/services/oauth2/token",
					"protocol": "https",
					"host": [
						"login",
						"salesforce",
						"com"
					],
					"path": [
						"services",
						"oauth2",
						"token"
					]
				},
				"description": "Generate OAuth Token for accessing Sales Force API's"
			},
			"response": [
				{
					"name": "Sample Response-OAuth Token",
					"originalRequest": {
						"method": "POST",
						"header": [],
						"body": {
							"mode": "urlencoded",
							"urlencoded": [
								{
									"key": "grant_type",
									"value": "password",
									"type": "text"
								},
								{
									"key": "client_id",
									"value": "3MVG9pRzvMkjMb6lZlt3YjDQwe0hk0f5ZPyWD38tfPYQ75KXUzZBGzM_c7I0o3yc6ua1IUk6lEQIy4U2sByrg",
									"type": "text"
								},
								{
									"key": "client_secret",
									"value": "79FFF874D54193B377A60354C71CBBE83120AD28A5D6BC536D2F68C94645DE98",
									"type": "text"
								},
								{
									"key": "username",
									"value": "ranjini.r@testleaf.com",
									"type": "text"
								},
								{
									"key": "password",
									"value": "Testleaf$321",
									"type": "text"
								}
							]
						},
						"url": {
							"raw": "https://login.salesforce.com/services/oauth2/token",
							"protocol": "https",
							"host": [
								"login",
								"salesforce",
								"com"
							],
							"path": [
								"services",
								"oauth2",
								"token"
							]
						}
					},
					"status": "OK",
					"code": 200,
					"_postman_previewlanguage": "json",
					"header": [
						{
							"key": "Date",
							"value": "Fri, 18 Aug 2023 07:32:16 GMT"
						},
						{
							"key": "Strict-Transport-Security",
							"value": "max-age=63072000; includeSubDomains"
						},
						{
							"key": "X-Content-Type-Options",
							"value": "nosniff"
						},
						{
							"key": "X-XSS-Protection",
							"value": "1; mode=block"
						},
						{
							"key": "Cache-Control",
							"value": "no-cache,must-revalidate,max-age=0,no-store,private"
						},
						{
							"key": "Expires",
							"value": "Thu, 01 Jan 1970 00:00:00 GMT"
						},
						{
							"key": "X-ReadOnlyMode",
							"value": "false"
						},
						{
							"key": "Content-Type",
							"value": "application/json;charset=UTF-8"
						},
						{
							"key": "Vary",
							"value": "Accept-Encoding"
						},
						{
							"key": "Content-Encoding",
							"value": "gzip"
						},
						{
							"key": "Transfer-Encoding",
							"value": "chunked"
						}
					],
					"cookie": [],
					"body": "{\n    \"access_token\": \"00D5j00000C8pLO!ARoAQJkv2RwPAm9HLOugwZ1bTLRXD4KulKXQ8r8HBCGZt0sRLIMGcWMk6dVAUdKhrcKmQujGZ5wAO18T8q.6HQZb_ScZ3y9F\",\n    \"instance_url\": \"https://testleaf30-dev-ed.develop.my.salesforce.com\",\n    \"id\": \"https://login.salesforce.com/id/00D5j00000C8pLOEAZ/0055j0000080rEbAAI\",\n    \"token_type\": \"Bearer\",\n    \"issued_at\": \"1692343936897\",\n    \"signature\": \"9EhTlZnZUI4qZ8ru7IPx6hMBTapEE5J4K7zyRZ9Gdj0=\"\n}"
				}
			]
		}
	],
	"auth": {
		"type": "bearer",
		"bearer": [
			{
				"key": "token",
				"value": "{{token}}",
				"type": "string"
			}
		]
	},
	"event": [
		{
			"listen": "prerequest",
			"script": {
				"type": "text/javascript",
				"exec": [
					""
				]
			}
		},
		{
			"listen": "test",
			"script": {
				"type": "text/javascript",
				"exec": [
					""
				]
			}
		}
	],
	"variable": [
		{
			"key": "token",
			"value": "",
			"type": "string"
		},
		{
			"key": "lead_ID",
			"value": "",
			"type": "string"
		},
		{
			"key": "account_id",
			"value": "",
			"type": "string"
		}
	]
}